Sample	File1	File2
1133	rawfastq/waterbuck/wHAFPI040960-35/170220_X300_FCHHF3JALXX_L8_wHAFPI040960-35/170220_X300_FCHHF3JALXX_L8_wHAFPI040960-35_1.fq.gz	rawfastq/waterbuck/wHAFPI040960-35/170220_X300_FCHHF3JALXX_L8_wHAFPI040960-35/170220_X300_FCHHF3JALXX_L8_wHAFPI040960-35_2.fq.gz
1134	rawfastq/waterbuck/wHAFPI041088-37/170220_X300_FCHHF3JALXX_L8_wHAFPI041088-37/170220_X300_FCHHF3JALXX_L8_wHAFPI041088-37_1.fq.gz	rawfastq/waterbuck/wHAFPI041088-37/170220_X300_FCHHF3JALXX_L8_wHAFPI041088-37/170220_X300_FCHHF3JALXX_L8_wHAFPI041088-37_2.fq.gz
1135	rawfastq/waterbuck/wHAFPI041089-43/170220_X300_FCHHF3JALXX_L8_wHAFPI041089-43/170220_X300_FCHHF3JALXX_L8_wHAFPI041089-43_1.fq.gz	rawfastq/waterbuck/wHAFPI041089-43/170220_X300_FCHHF3JALXX_L8_wHAFPI041089-43/170220_X300_FCHHF3JALXX_L8_wHAFPI041089-43_2.fq.gz
1136	rawfastq/waterbuck/wHAFPI041090-45/170220_X300_FCHHF3JALXX_L8_wHAFPI041090-45/170220_X300_FCHHF3JALXX_L8_wHAFPI041090-45_1.fq.gz	rawfastq/waterbuck/wHAFPI041090-45/170220_X300_FCHHF3JALXX_L8_wHAFPI041090-45/170220_X300_FCHHF3JALXX_L8_wHAFPI041090-45_2.fq.gz
1141	rawfastq/waterbuck/wHAFPI041091-50/170220_X300_FCHHF3JALXX_L8_wHAFPI041091-50/170220_X300_FCHHF3JALXX_L8_wHAFPI041091-50_1.fq.gz	rawfastq/waterbuck/wHAFPI041091-50/170220_X300_FCHHF3JALXX_L8_wHAFPI041091-50/170220_X300_FCHHF3JALXX_L8_wHAFPI041091-50_2.fq.gz
1148	rawfastq/waterbuck/wHAFPI041092-52/170220_X300_FCHHF3JALXX_L8_wHAFPI041092-52/170220_X300_FCHHF3JALXX_L8_wHAFPI041092-52_1.fq.gz	rawfastq/waterbuck/wHAFPI041092-52/170220_X300_FCHHF3JALXX_L8_wHAFPI041092-52/170220_X300_FCHHF3JALXX_L8_wHAFPI041092-52_2.fq.gz
1150	rawfastq/waterbuck/wHAFPI041093-53/170220_X299_FCHHLHMALXX_L1_wHAFPI041093-53/170220_X299_FCHHLHMALXX_L1_wHAFPI041093-53_1.fq.gz	rawfastq/waterbuck/wHAFPI041093-53/170220_X299_FCHHLHMALXX_L1_wHAFPI041093-53/170220_X299_FCHHLHMALXX_L1_wHAFPI041093-53_2.fq.gz
1155	rawfastq/waterbuck/wHAFPI041094-54/170220_X299_FCHHLHMALXX_L1_wHAFPI041094-54/170220_X299_FCHHLHMALXX_L1_wHAFPI041094-54_1.fq.gz	rawfastq/waterbuck/wHAFPI041094-54/170220_X299_FCHHLHMALXX_L1_wHAFPI041094-54/170220_X299_FCHHLHMALXX_L1_wHAFPI041094-54_2.fq.gz
1156	rawfastq/waterbuck/wHAFPI041095-57/170220_X299_FCHHLHMALXX_L1_wHAFPI041095-57/170220_X299_FCHHLHMALXX_L1_wHAFPI041095-57_1.fq.gz	rawfastq/waterbuck/wHAFPI041095-57/170220_X299_FCHHLHMALXX_L1_wHAFPI041095-57/170220_X299_FCHHLHMALXX_L1_wHAFPI041095-57_2.fq.gz
1157	rawfastq/waterbuck/wHAFPI041096-58/170220_X299_FCHHLHMALXX_L1_wHAFPI041096-58/170220_X299_FCHHLHMALXX_L1_wHAFPI041096-58_1.fq.gz	rawfastq/waterbuck/wHAFPI041096-58/170220_X299_FCHHLHMALXX_L1_wHAFPI041096-58/170220_X299_FCHHLHMALXX_L1_wHAFPI041096-58_2.fq.gz
1159	rawfastq/waterbuck/wHAFPI041097-59/170220_X299_FCHHLHMALXX_L1_wHAFPI041097-59/170220_X299_FCHHLHMALXX_L1_wHAFPI041097-59_1.fq.gz	rawfastq/waterbuck/wHAFPI041097-59/170220_X299_FCHHLHMALXX_L1_wHAFPI041097-59/170220_X299_FCHHLHMALXX_L1_wHAFPI041097-59_2.fq.gz
1160	rawfastq/waterbuck/wHAFPI041098-60/170220_X299_FCHHLHMALXX_L1_wHAFPI041098-60/170220_X299_FCHHLHMALXX_L1_wHAFPI041098-60_1.fq.gz	rawfastq/waterbuck/wHAFPI041098-60/170220_X299_FCHHLHMALXX_L1_wHAFPI041098-60/170220_X299_FCHHLHMALXX_L1_wHAFPI041098-60_2.fq.gz
1161	rawfastq/waterbuck/wHAFPI041099-61/170220_X299_FCHHLHMALXX_L1_wHAFPI041099-61/170220_X299_FCHHLHMALXX_L1_wHAFPI041099-61_1.fq.gz	rawfastq/waterbuck/wHAFPI041099-61/170220_X299_FCHHLHMALXX_L1_wHAFPI041099-61/170220_X299_FCHHLHMALXX_L1_wHAFPI041099-61_2.fq.gz
1162	rawfastq/waterbuck/wHAFPI041100-62/170220_X299_FCHHLHMALXX_L1_wHAFPI041100-62/170220_X299_FCHHLHMALXX_L1_wHAFPI041100-62_1.fq.gz	rawfastq/waterbuck/wHAFPI041100-62/170220_X299_FCHHLHMALXX_L1_wHAFPI041100-62/170220_X299_FCHHLHMALXX_L1_wHAFPI041100-62_2.fq.gz
1164	rawfastq/waterbuck/wHAFPI041101-68/170220_X299_FCHHLHMALXX_L2_wHAFPI041101-68/170220_X299_FCHHLHMALXX_L2_wHAFPI041101-68_1.fq.gz	rawfastq/waterbuck/wHAFPI041101-68/170220_X299_FCHHLHMALXX_L2_wHAFPI041101-68/170220_X299_FCHHLHMALXX_L2_wHAFPI041101-68_2.fq.gz
1195	rawfastq/waterbuck/wHAFPI041102-70/170220_X299_FCHHLHMALXX_L2_wHAFPI041102-70/170220_X299_FCHHLHMALXX_L2_wHAFPI041102-70_1.fq.gz	rawfastq/waterbuck/wHAFPI041102-70/170220_X299_FCHHLHMALXX_L2_wHAFPI041102-70/170220_X299_FCHHLHMALXX_L2_wHAFPI041102-70_2.fq.gz
1197	rawfastq/waterbuck/wHAFPI041103-71/170220_X299_FCHHLHMALXX_L2_wHAFPI041103-71/170220_X299_FCHHLHMALXX_L2_wHAFPI041103-71_1.fq.gz	rawfastq/waterbuck/wHAFPI041103-71/170220_X299_FCHHLHMALXX_L2_wHAFPI041103-71/170220_X299_FCHHLHMALXX_L2_wHAFPI041103-71_2.fq.gz
1199	rawfastq/waterbuck/wHAFPI041104-72/170220_X299_FCHHLHMALXX_L2_wHAFPI041104-72/170220_X299_FCHHLHMALXX_L2_wHAFPI041104-72_1.fq.gz	rawfastq/waterbuck/wHAFPI041104-72/170220_X299_FCHHLHMALXX_L2_wHAFPI041104-72/170220_X299_FCHHLHMALXX_L2_wHAFPI041104-72_2.fq.gz
1200	rawfastq/waterbuck/wHAFPI041105-75/170220_X299_FCHHLHMALXX_L2_wHAFPI041105-75/170220_X299_FCHHLHMALXX_L2_wHAFPI041105-75_1.fq.gz	rawfastq/waterbuck/wHAFPI041105-75/170220_X299_FCHHLHMALXX_L2_wHAFPI041105-75/170220_X299_FCHHLHMALXX_L2_wHAFPI041105-75_2.fq.gz
1201	rawfastq/waterbuck/wHAFPI041106-76/170220_X299_FCHHLHMALXX_L2_wHAFPI041106-76/170220_X299_FCHHLHMALXX_L2_wHAFPI041106-76_1.fq.gz	rawfastq/waterbuck/wHAFPI041106-76/170220_X299_FCHHLHMALXX_L2_wHAFPI041106-76/170220_X299_FCHHLHMALXX_L2_wHAFPI041106-76_2.fq.gz
1219	rawfastq/waterbuck/wHAFPI041107-77/170220_X299_FCHHLHMALXX_L2_wHAFPI041107-77/170220_X299_FCHHLHMALXX_L2_wHAFPI041107-77_1.fq.gz	rawfastq/waterbuck/wHAFPI041107-77/170220_X299_FCHHLHMALXX_L2_wHAFPI041107-77/170220_X299_FCHHLHMALXX_L2_wHAFPI041107-77_2.fq.gz
1244	rawfastq/waterbuck/wHAFPI041171-78/170220_X299_FCHHLHMALXX_L2_wHAFPI041171-78/170220_X299_FCHHLHMALXX_L2_wHAFPI041171-78_1.fq.gz	rawfastq/waterbuck/wHAFPI041171-78/170220_X299_FCHHLHMALXX_L2_wHAFPI041171-78/170220_X299_FCHHLHMALXX_L2_wHAFPI041171-78_2.fq.gz
1591	rawfastq/waterbuck/wHAFPI041108-79/170308_XST-E00294_FCHFJM2ALXX_L5_wHAFPI041108-79/170308_XST-E00294_FCHFJM2ALXX_L5_wHAFPI041108-79_1.fq.gz	rawfastq/waterbuck/wHAFPI041108-79/170308_XST-E00294_FCHFJM2ALXX_L5_wHAFPI041108-79/170308_XST-E00294_FCHFJM2ALXX_L5_wHAFPI041108-79_2.fq.gz
1593	rawfastq/waterbuck/wHAFPI041109-80/170308_XST-E00294_FCHFJM2ALXX_L5_wHAFPI041109-80/170308_XST-E00294_FCHFJM2ALXX_L5_wHAFPI041109-80_1.fq.gz	rawfastq/waterbuck/wHAFPI041109-80/170308_XST-E00294_FCHFJM2ALXX_L5_wHAFPI041109-80/170308_XST-E00294_FCHFJM2ALXX_L5_wHAFPI041109-80_2.fq.gz
1594	rawfastq/waterbuck/wHAFPI041110-81/170308_XST-E00294_FCHFJM2ALXX_L5_wHAFPI041110-81/170308_XST-E00294_FCHFJM2ALXX_L5_wHAFPI041110-81_1.fq.gz	rawfastq/waterbuck/wHAFPI041110-81/170308_XST-E00294_FCHFJM2ALXX_L5_wHAFPI041110-81/170308_XST-E00294_FCHFJM2ALXX_L5_wHAFPI041110-81_2.fq.gz
1595	rawfastq/waterbuck/wHAFPI041170-83/170308_XST-E00294_FCHFJM2ALXX_L5_wHAFPI041170-83/170308_XST-E00294_FCHFJM2ALXX_L5_wHAFPI041170-83_1.fq.gz	rawfastq/waterbuck/wHAFPI041170-83/170308_XST-E00294_FCHFJM2ALXX_L5_wHAFPI041170-83/170308_XST-E00294_FCHFJM2ALXX_L5_wHAFPI041170-83_2.fq.gz
1596	rawfastq/waterbuck/wHAFPI041111-84/170308_XST-E00294_FCHFJM2ALXX_L5_wHAFPI041111-84/170308_XST-E00294_FCHFJM2ALXX_L5_wHAFPI041111-84_1.fq.gz	rawfastq/waterbuck/wHAFPI041111-84/170308_XST-E00294_FCHFJM2ALXX_L5_wHAFPI041111-84/170308_XST-E00294_FCHFJM2ALXX_L5_wHAFPI041111-84_2.fq.gz
1597	rawfastq/waterbuck/wHAFPI041112-85/170308_XST-E00294_FCHFJM2ALXX_L5_wHAFPI041112-85/170308_XST-E00294_FCHFJM2ALXX_L5_wHAFPI041112-85_1.fq.gz	rawfastq/waterbuck/wHAFPI041112-85/170308_XST-E00294_FCHFJM2ALXX_L5_wHAFPI041112-85/170308_XST-E00294_FCHFJM2ALXX_L5_wHAFPI041112-85_2.fq.gz
1598	rawfastq/waterbuck/wHAFPI041113-86+1/170308_XST-E00294_FCHFJM2ALXX_L5_wHAFPI041113-86+1/170308_XST-E00294_FCHFJM2ALXX_L5_wHAFPI041113-86+1_1.fq.gz	rawfastq/waterbuck/wHAFPI041113-86+1/170308_XST-E00294_FCHFJM2ALXX_L5_wHAFPI041113-86+1/170308_XST-E00294_FCHFJM2ALXX_L5_wHAFPI041113-86+1_2.fq.gz
1599	rawfastq/waterbuck/wHAFPI041114-87/170308_XST-E00294_FCHFJM2ALXX_L5_wHAFPI041114-87/170308_XST-E00294_FCHFJM2ALXX_L5_wHAFPI041114-87_1.fq.gz	rawfastq/waterbuck/wHAFPI041114-87/170308_XST-E00294_FCHFJM2ALXX_L5_wHAFPI041114-87/170308_XST-E00294_FCHFJM2ALXX_L5_wHAFPI041114-87_2.fq.gz
1600	rawfastq/waterbuck/wHAFPI041115-88/170301_X298_FCHHF33ALXX_L7_wHAFPI041115-88/170301_X298_FCHHF33ALXX_L7_wHAFPI041115-88_1.fq.gz	rawfastq/waterbuck/wHAFPI041115-88/170301_X298_FCHHF33ALXX_L7_wHAFPI041115-88/170301_X298_FCHHF33ALXX_L7_wHAFPI041115-88_2.fq.gz
1601	rawfastq/waterbuck/wHAFPI041116-90/170301_X298_FCHHF33ALXX_L7_wHAFPI041116-90/170301_X298_FCHHF33ALXX_L7_wHAFPI041116-90_1.fq.gz	rawfastq/waterbuck/wHAFPI041116-90/170301_X298_FCHHF33ALXX_L7_wHAFPI041116-90/170301_X298_FCHHF33ALXX_L7_wHAFPI041116-90_2.fq.gz
1602	rawfastq/waterbuck/wHAFPI041117-92/170301_X298_FCHHF33ALXX_L7_wHAFPI041117-92/170301_X298_FCHHF33ALXX_L7_wHAFPI041117-92_1.fq.gz	rawfastq/waterbuck/wHAFPI041117-92/170301_X298_FCHHF33ALXX_L7_wHAFPI041117-92/170301_X298_FCHHF33ALXX_L7_wHAFPI041117-92_2.fq.gz
1603	rawfastq/waterbuck/wHAFPI041118-93/170301_X298_FCHHF33ALXX_L7_wHAFPI041118-93/170301_X298_FCHHF33ALXX_L7_wHAFPI041118-93_1.fq.gz	rawfastq/waterbuck/wHAFPI041118-93/170301_X298_FCHHF33ALXX_L7_wHAFPI041118-93/170301_X298_FCHHF33ALXX_L7_wHAFPI041118-93_2.fq.gz
1604	rawfastq/waterbuck/wHAFPI041119-94/170301_X298_FCHHF33ALXX_L7_wHAFPI041119-94/170301_X298_FCHHF33ALXX_L7_wHAFPI041119-94_1.fq.gz	rawfastq/waterbuck/wHAFPI041119-94/170301_X298_FCHHF33ALXX_L7_wHAFPI041119-94/170301_X298_FCHHF33ALXX_L7_wHAFPI041119-94_2.fq.gz
1605	rawfastq/waterbuck/wHAFPI041120-95/170301_X298_FCHHF33ALXX_L7_wHAFPI041120-95/170301_X298_FCHHF33ALXX_L7_wHAFPI041120-95_1.fq.gz	rawfastq/waterbuck/wHAFPI041120-95/170301_X298_FCHHF33ALXX_L7_wHAFPI041120-95/170301_X298_FCHHF33ALXX_L7_wHAFPI041120-95_2.fq.gz
1606	rawfastq/waterbuck/wHAFPI041121-96/170301_X298_FCHHF33ALXX_L7_wHAFPI041121-96/170301_X298_FCHHF33ALXX_L7_wHAFPI041121-96_1.fq.gz	rawfastq/waterbuck/wHAFPI041121-96/170301_X298_FCHHF33ALXX_L7_wHAFPI041121-96/170301_X298_FCHHF33ALXX_L7_wHAFPI041121-96_2.fq.gz
1607	rawfastq/waterbuck/wHAFPI041172-100/170301_X298_FCHHF33ALXX_L7_wHAFPI041172-100/170301_X298_FCHHF33ALXX_L7_wHAFPI041172-100_1.fq.gz	rawfastq/waterbuck/wHAFPI041172-100/170301_X298_FCHHF33ALXX_L7_wHAFPI041172-100/170301_X298_FCHHF33ALXX_L7_wHAFPI041172-100_2.fq.gz
1608	rawfastq/waterbuck/wHAFPI041173-103/170301_X298_FCHHF33ALXX_L8_wHAFPI041173-103/170301_X298_FCHHF33ALXX_L8_wHAFPI041173-103_1.fq.gz	rawfastq/waterbuck/wHAFPI041173-103/170301_X298_FCHHF33ALXX_L8_wHAFPI041173-103/170301_X298_FCHHF33ALXX_L8_wHAFPI041173-103_2.fq.gz
1609	rawfastq/waterbuck/wHAFPI041174-108/170301_X298_FCHHF33ALXX_L8_wHAFPI041174-108/170301_X298_FCHHF33ALXX_L8_wHAFPI041174-108_1.fq.gz	rawfastq/waterbuck/wHAFPI041174-108/170301_X298_FCHHF33ALXX_L8_wHAFPI041174-108/170301_X298_FCHHF33ALXX_L8_wHAFPI041174-108_2.fq.gz
1612	rawfastq/waterbuck/wHAFPI041175-140/170301_X298_FCHHF33ALXX_L8_wHAFPI041175-140/170301_X298_FCHHF33ALXX_L8_wHAFPI041175-140_1.fq.gz	rawfastq/waterbuck/wHAFPI041175-140/170301_X298_FCHHF33ALXX_L8_wHAFPI041175-140/170301_X298_FCHHF33ALXX_L8_wHAFPI041175-140_2.fq.gz
1614	rawfastq/waterbuck/wHAFPI041176-142/170301_X298_FCHHF33ALXX_L8_wHAFPI041176-142/170301_X298_FCHHF33ALXX_L8_wHAFPI041176-142_1.fq.gz	rawfastq/waterbuck/wHAFPI041176-142/170301_X298_FCHHF33ALXX_L8_wHAFPI041176-142/170301_X298_FCHHF33ALXX_L8_wHAFPI041176-142_2.fq.gz
1615	rawfastq/waterbuck/wHAFPI041177-143/170301_X298_FCHHF33ALXX_L8_wHAFPI041177-143/170301_X298_FCHHF33ALXX_L8_wHAFPI041177-143_1.fq.gz	rawfastq/waterbuck/wHAFPI041177-143/170301_X298_FCHHF33ALXX_L8_wHAFPI041177-143/170301_X298_FCHHF33ALXX_L8_wHAFPI041177-143_2.fq.gz
2991	rawfastq/waterbuck/wHAFPI041178-8/170301_X298_FCHHF33ALXX_L8_wHAFPI041178-8/170301_X298_FCHHF33ALXX_L8_wHAFPI041178-8_1.fq.gz	rawfastq/waterbuck/wHAFPI041178-8/170301_X298_FCHHF33ALXX_L8_wHAFPI041178-8/170301_X298_FCHHF33ALXX_L8_wHAFPI041178-8_2.fq.gz
2992	rawfastq/waterbuck/wHAFPI041179-9/170301_X298_FCHHF33ALXX_L8_wHAFPI041179-9/170301_X298_FCHHF33ALXX_L8_wHAFPI041179-9_1.fq.gz	rawfastq/waterbuck/wHAFPI041179-9/170301_X298_FCHHF33ALXX_L8_wHAFPI041179-9/170301_X298_FCHHF33ALXX_L8_wHAFPI041179-9_2.fq.gz
2993	rawfastq/waterbuck/wHAFPI041180-11/170301_X298_FCHHF33ALXX_L8_wHAFPI041180-11/170301_X298_FCHHF33ALXX_L8_wHAFPI041180-11_1.fq.gz	rawfastq/waterbuck/wHAFPI041180-11/170301_X298_FCHHF33ALXX_L8_wHAFPI041180-11/170301_X298_FCHHF33ALXX_L8_wHAFPI041180-11_2.fq.gz
2994	rawfastq/waterbuck/wHAFPI041181-12/170301_X298_FCHHF2VALXX_L1_wHAFPI041181-12/170301_X298_FCHHF2VALXX_L1_wHAFPI041181-12_1.fq.gz	rawfastq/waterbuck/wHAFPI041181-12/170301_X298_FCHHF2VALXX_L1_wHAFPI041181-12/170301_X298_FCHHF2VALXX_L1_wHAFPI041181-12_2.fq.gz
2995	rawfastq/waterbuck/wHAFPI041182-13/170301_X298_FCHHF2VALXX_L1_wHAFPI041182-13/170301_X298_FCHHF2VALXX_L1_wHAFPI041182-13_1.fq.gz	rawfastq/waterbuck/wHAFPI041182-13/170301_X298_FCHHF2VALXX_L1_wHAFPI041182-13/170301_X298_FCHHF2VALXX_L1_wHAFPI041182-13_2.fq.gz
2996	rawfastq/waterbuck/wHAFPI041183-14/170301_X298_FCHHF2VALXX_L1_wHAFPI041183-14/170301_X298_FCHHF2VALXX_L1_wHAFPI041183-14_1.fq.gz	rawfastq/waterbuck/wHAFPI041183-14/170301_X298_FCHHF2VALXX_L1_wHAFPI041183-14/170301_X298_FCHHF2VALXX_L1_wHAFPI041183-14_2.fq.gz
2997	rawfastq/waterbuck/wHAFPI041184-15/170301_X298_FCHHF2VALXX_L1_wHAFPI041184-15/170301_X298_FCHHF2VALXX_L1_wHAFPI041184-15_1.fq.gz	rawfastq/waterbuck/wHAFPI041184-15/170301_X298_FCHHF2VALXX_L1_wHAFPI041184-15/170301_X298_FCHHF2VALXX_L1_wHAFPI041184-15_2.fq.gz
2998	rawfastq/waterbuck/wHAFPI041185-16/170301_X298_FCHHF2VALXX_L1_wHAFPI041185-16/170301_X298_FCHHF2VALXX_L1_wHAFPI041185-16_1.fq.gz	rawfastq/waterbuck/wHAFPI041185-16/170301_X298_FCHHF2VALXX_L1_wHAFPI041185-16/170301_X298_FCHHF2VALXX_L1_wHAFPI041185-16_2.fq.gz
3430	rawfastq/waterbuck/wHAFPI041186-17/170301_X298_FCHHF2VALXX_L1_wHAFPI041186-17/170301_X298_FCHHF2VALXX_L1_wHAFPI041186-17_1.fq.gz	rawfastq/waterbuck/wHAFPI041186-17/170301_X298_FCHHF2VALXX_L1_wHAFPI041186-17/170301_X298_FCHHF2VALXX_L1_wHAFPI041186-17_2.fq.gz
3432	rawfastq/waterbuck/wHAFPI041187-18/170301_X298_FCHHF2VALXX_L1_wHAFPI041187-18/170301_X298_FCHHF2VALXX_L1_wHAFPI041187-18_1.fq.gz	rawfastq/waterbuck/wHAFPI041187-18/170301_X298_FCHHF2VALXX_L1_wHAFPI041187-18/170301_X298_FCHHF2VALXX_L1_wHAFPI041187-18_2.fq.gz
3434	rawfastq/waterbuck/wHAFPI041188-21/170301_X298_FCHHF2VALXX_L2_wHAFPI041188-21/170301_X298_FCHHF2VALXX_L2_wHAFPI041188-21_1.fq.gz	rawfastq/waterbuck/wHAFPI041188-21/170301_X298_FCHHF2VALXX_L2_wHAFPI041188-21/170301_X298_FCHHF2VALXX_L2_wHAFPI041188-21_2.fq.gz
392	rawfastq/waterbuck/wHAFPI040531-8/170122_X276_FCHFJNHALXX_L6_wHAFPI040531-8/170122_X276_FCHFJNHALXX_L6_wHAFPI040531-8_1.fq.gz	rawfastq/waterbuck/wHAFPI040531-8/170122_X276_FCHFJNHALXX_L6_wHAFPI040531-8/170122_X276_FCHFJNHALXX_L6_wHAFPI040531-8_2.fq.gz
393	rawfastq/waterbuck/wHAFPI040532-9/170122_X276_FCHFJNHALXX_L6_wHAFPI040532-9/170122_X276_FCHFJNHALXX_L6_wHAFPI040532-9_1.fq.gz	rawfastq/waterbuck/wHAFPI040532-9/170122_X276_FCHFJNHALXX_L6_wHAFPI040532-9/170122_X276_FCHFJNHALXX_L6_wHAFPI040532-9_2.fq.gz
394	rawfastq/waterbuck/wHAFPI040533-11/170122_X276_FCHFJNHALXX_L6_wHAFPI040533-11/170122_X276_FCHFJNHALXX_L6_wHAFPI040533-11_1.fq.gz	rawfastq/waterbuck/wHAFPI040533-11/170122_X276_FCHFJNHALXX_L6_wHAFPI040533-11/170122_X276_FCHFJNHALXX_L6_wHAFPI040533-11_2.fq.gz
395	rawfastq/waterbuck/wHAFPI040534-12/170122_X276_FCHFJNHALXX_L6_wHAFPI040534-12/170122_X276_FCHFJNHALXX_L6_wHAFPI040534-12_1.fq.gz	rawfastq/waterbuck/wHAFPI040534-12/170122_X276_FCHFJNHALXX_L6_wHAFPI040534-12/170122_X276_FCHFJNHALXX_L6_wHAFPI040534-12_2.fq.gz
396	rawfastq/waterbuck/wHAFPI040535-13/170122_X276_FCHFJNHALXX_L6_wHAFPI040535-13/170122_X276_FCHFJNHALXX_L6_wHAFPI040535-13_1.fq.gz	rawfastq/waterbuck/wHAFPI040535-13/170122_X276_FCHFJNHALXX_L6_wHAFPI040535-13/170122_X276_FCHFJNHALXX_L6_wHAFPI040535-13_2.fq.gz
397	rawfastq/waterbuck/wHAFPI040536-14/170122_X276_FCHFJNHALXX_L6_wHAFPI040536-14/170122_X276_FCHFJNHALXX_L6_wHAFPI040536-14_1.fq.gz	rawfastq/waterbuck/wHAFPI040536-14/170122_X276_FCHFJNHALXX_L6_wHAFPI040536-14/170122_X276_FCHFJNHALXX_L6_wHAFPI040536-14_2.fq.gz
398	rawfastq/waterbuck/wHAFPI040537-15/170122_X276_FCHFJNHALXX_L6_wHAFPI040537-15/170122_X276_FCHFJNHALXX_L6_wHAFPI040537-15_1.fq.gz	rawfastq/waterbuck/wHAFPI040537-15/170122_X276_FCHFJNHALXX_L6_wHAFPI040537-15/170122_X276_FCHFJNHALXX_L6_wHAFPI040537-15_2.fq.gz
399	rawfastq/waterbuck/wHAFPI040538-16/170122_X276_FCHFJNHALXX_L6_wHAFPI040538-16/170122_X276_FCHFJNHALXX_L6_wHAFPI040538-16_1.fq.gz	rawfastq/waterbuck/wHAFPI040538-16/170122_X276_FCHFJNHALXX_L6_wHAFPI040538-16/170122_X276_FCHFJNHALXX_L6_wHAFPI040538-16_2.fq.gz
400	rawfastq/waterbuck/wHAFPI040539-17/170213_X509_FCHFW2JALXX_L3_wHAFPI040539-17/170213_X509_FCHFW2JALXX_L3_wHAFPI040539-17_1.fq.gz	rawfastq/waterbuck/wHAFPI040539-17/170213_X509_FCHFW2JALXX_L3_wHAFPI040539-17/170213_X509_FCHFW2JALXX_L3_wHAFPI040539-17_2.fq.gz
401	rawfastq/waterbuck/wHAFPI040540-18/170213_X509_FCHFW2JALXX_L3_wHAFPI040540-18/170213_X509_FCHFW2JALXX_L3_wHAFPI040540-18_1.fq.gz	rawfastq/waterbuck/wHAFPI040540-18/170213_X509_FCHFW2JALXX_L3_wHAFPI040540-18/170213_X509_FCHFW2JALXX_L3_wHAFPI040540-18_2.fq.gz
403	rawfastq/waterbuck/wHAFPI040541-21/170213_X509_FCHFW2JALXX_L3_wHAFPI040541-21/170213_X509_FCHFW2JALXX_L3_wHAFPI040541-21_1.fq.gz	rawfastq/waterbuck/wHAFPI040541-21/170213_X509_FCHFW2JALXX_L3_wHAFPI040541-21/170213_X509_FCHFW2JALXX_L3_wHAFPI040541-21_2.fq.gz
404	rawfastq/waterbuck/wHAFPI040542-23/170213_X509_FCHFW2JALXX_L3_wHAFPI040542-23/170213_X509_FCHFW2JALXX_L3_wHAFPI040542-23_1.fq.gz	rawfastq/waterbuck/wHAFPI040542-23/170213_X509_FCHFW2JALXX_L3_wHAFPI040542-23/170213_X509_FCHFW2JALXX_L3_wHAFPI040542-23_2.fq.gz
407	rawfastq/waterbuck/wHAFPI040954-24/170213_X509_FCHFW2JALXX_L3_wHAFPI040954-24/170213_X509_FCHFW2JALXX_L3_wHAFPI040954-24_1.fq.gz	rawfastq/waterbuck/wHAFPI040954-24/170213_X509_FCHFW2JALXX_L3_wHAFPI040954-24/170213_X509_FCHFW2JALXX_L3_wHAFPI040954-24_2.fq.gz
4077	rawfastq/waterbuck/wHAFPI041189-23/170301_X298_FCHHF2VALXX_L2_wHAFPI041189-23/170301_X298_FCHHF2VALXX_L2_wHAFPI041189-23_1.fq.gz	rawfastq/waterbuck/wHAFPI041189-23/170301_X298_FCHHF2VALXX_L2_wHAFPI041189-23/170301_X298_FCHHF2VALXX_L2_wHAFPI041189-23_2.fq.gz
4078	rawfastq/waterbuck/wHAFPI041190-24/170301_X298_FCHHF2VALXX_L2_wHAFPI041190-24/170301_X298_FCHHF2VALXX_L2_wHAFPI041190-24_1.fq.gz	rawfastq/waterbuck/wHAFPI041190-24/170301_X298_FCHHF2VALXX_L2_wHAFPI041190-24/170301_X298_FCHHF2VALXX_L2_wHAFPI041190-24_2.fq.gz
4079	rawfastq/waterbuck/wHAFPI041191-26/170301_X298_FCHHF2VALXX_L2_wHAFPI041191-26/170301_X298_FCHHF2VALXX_L2_wHAFPI041191-26_1.fq.gz	rawfastq/waterbuck/wHAFPI041191-26/170301_X298_FCHHF2VALXX_L2_wHAFPI041191-26/170301_X298_FCHHF2VALXX_L2_wHAFPI041191-26_2.fq.gz
408	rawfastq/waterbuck/wHAFPI040955-26/170213_X509_FCHFW2JALXX_L3_wHAFPI040955-26/170213_X509_FCHFW2JALXX_L3_wHAFPI040955-26_1.fq.gz	rawfastq/waterbuck/wHAFPI040955-26/170213_X509_FCHFW2JALXX_L3_wHAFPI040955-26/170213_X509_FCHFW2JALXX_L3_wHAFPI040955-26_2.fq.gz
4080	rawfastq/waterbuck/wHAFPI041192-30/170301_X298_FCHHF2VALXX_L2_wHAFPI041192-30/170301_X298_FCHHF2VALXX_L2_wHAFPI041192-30_1.fq.gz	rawfastq/waterbuck/wHAFPI041192-30/170301_X298_FCHHF2VALXX_L2_wHAFPI041192-30/170301_X298_FCHHF2VALXX_L2_wHAFPI041192-30_2.fq.gz
409	rawfastq/waterbuck/wHAFPI040956-30/170213_X509_FCHFW2JALXX_L3_wHAFPI040956-30/170213_X509_FCHFW2JALXX_L3_wHAFPI040956-30_1.fq.gz	rawfastq/waterbuck/wHAFPI040956-30/170213_X509_FCHFW2JALXX_L3_wHAFPI040956-30/170213_X509_FCHFW2JALXX_L3_wHAFPI040956-30_2.fq.gz
412	rawfastq/waterbuck/wHAFPI040957-31/170213_X509_FCHFW2JALXX_L3_wHAFPI040957-31/170213_X509_FCHFW2JALXX_L3_wHAFPI040957-31_1.fq.gz	rawfastq/waterbuck/wHAFPI040957-31/170213_X509_FCHFW2JALXX_L3_wHAFPI040957-31/170213_X509_FCHFW2JALXX_L3_wHAFPI040957-31_2.fq.gz
414	rawfastq/waterbuck/wHAFPI040958-32/170220_X300_FCHHF3JALXX_L8_wHAFPI040958-32/170220_X300_FCHHF3JALXX_L8_wHAFPI040958-32_1.fq.gz	rawfastq/waterbuck/wHAFPI040958-32/170220_X300_FCHHF3JALXX_L8_wHAFPI040958-32/170220_X300_FCHHF3JALXX_L8_wHAFPI040958-32_2.fq.gz
415	rawfastq/waterbuck/wHAFPI040959-34/170220_X300_FCHHF3JALXX_L8_wHAFPI040959-34/170220_X300_FCHHF3JALXX_L8_wHAFPI040959-34_1.fq.gz	rawfastq/waterbuck/wHAFPI040959-34/170220_X300_FCHHF3JALXX_L8_wHAFPI040959-34/170220_X300_FCHHF3JALXX_L8_wHAFPI040959-34_2.fq.gz
4513	rawfastq/waterbuck/wHAFPI041193-31/170301_X298_FCHHF2VALXX_L2_wHAFPI041193-31/170301_X298_FCHHF2VALXX_L2_wHAFPI041193-31_1.fq.gz	rawfastq/waterbuck/wHAFPI041193-31/170301_X298_FCHHF2VALXX_L2_wHAFPI041193-31/170301_X298_FCHHF2VALXX_L2_wHAFPI041193-31_2.fq.gz
5193	rawfastq/waterbuck/wHAFPI041194-32/170301_X298_FCHHF2VALXX_L2_wHAFPI041194-32/170301_X298_FCHHF2VALXX_L2_wHAFPI041194-32_1.fq.gz	rawfastq/waterbuck/wHAFPI041194-32/170301_X298_FCHHF2VALXX_L2_wHAFPI041194-32/170301_X298_FCHHF2VALXX_L2_wHAFPI041194-32_2.fq.gz
5195	rawfastq/waterbuck/wHAFPI041195-34/170301_X298_FCHHF2VALXX_L2_wHAFPI041195-34/170301_X298_FCHHF2VALXX_L2_wHAFPI041195-34_1.fq.gz	rawfastq/waterbuck/wHAFPI041195-34/170301_X298_FCHHF2VALXX_L2_wHAFPI041195-34/170301_X298_FCHHF2VALXX_L2_wHAFPI041195-34_2.fq.gz
5196	rawfastq/waterbuck/wHAFPI041196-35/170301_X298_FCHHF2VALXX_L3_wHAFPI041196-35/170301_X298_FCHHF2VALXX_L3_wHAFPI041196-35_1.fq.gz	rawfastq/waterbuck/wHAFPI041196-35/170301_X298_FCHHF2VALXX_L3_wHAFPI041196-35/170301_X298_FCHHF2VALXX_L3_wHAFPI041196-35_2.fq.gz
5618	rawfastq/waterbuck/wHAFPI041197-37/170301_X298_FCHHF2VALXX_L3_wHAFPI041197-37/170301_X298_FCHHF2VALXX_L3_wHAFPI041197-37_1.fq.gz	rawfastq/waterbuck/wHAFPI041197-37/170301_X298_FCHHF2VALXX_L3_wHAFPI041197-37/170301_X298_FCHHF2VALXX_L3_wHAFPI041197-37_2.fq.gz
5619	rawfastq/waterbuck/wHAFPI041198-43/170301_X298_FCHHF2VALXX_L3_wHAFPI041198-43/170301_X298_FCHHF2VALXX_L3_wHAFPI041198-43_1.fq.gz	rawfastq/waterbuck/wHAFPI041198-43/170301_X298_FCHHF2VALXX_L3_wHAFPI041198-43/170301_X298_FCHHF2VALXX_L3_wHAFPI041198-43_2.fq.gz
5620	rawfastq/waterbuck/wHAFPI041199-45/170301_X298_FCHHF2VALXX_L3_wHAFPI041199-45/170301_X298_FCHHF2VALXX_L3_wHAFPI041199-45_1.fq.gz	rawfastq/waterbuck/wHAFPI041199-45/170301_X298_FCHHF2VALXX_L3_wHAFPI041199-45/170301_X298_FCHHF2VALXX_L3_wHAFPI041199-45_2.fq.gz
5622	rawfastq/waterbuck/wHAFPI041200-50/170301_X298_FCHHF2VALXX_L3_wHAFPI041200-50/170301_X298_FCHHF2VALXX_L3_wHAFPI041200-50_1.fq.gz	rawfastq/waterbuck/wHAFPI041200-50/170301_X298_FCHHF2VALXX_L3_wHAFPI041200-50/170301_X298_FCHHF2VALXX_L3_wHAFPI041200-50_2.fq.gz
5623	rawfastq/waterbuck/wHAFPI041201-52/170301_X298_FCHHF2VALXX_L3_wHAFPI041201-52/170301_X298_FCHHF2VALXX_L3_wHAFPI041201-52_1.fq.gz	rawfastq/waterbuck/wHAFPI041201-52/170301_X298_FCHHF2VALXX_L3_wHAFPI041201-52/170301_X298_FCHHF2VALXX_L3_wHAFPI041201-52_2.fq.gz
5624	rawfastq/waterbuck/wHAFPI041202-53/170301_X298_FCHHF2VALXX_L3_wHAFPI041202-53/170301_X298_FCHHF2VALXX_L3_wHAFPI041202-53_1.fq.gz	rawfastq/waterbuck/wHAFPI041202-53/170301_X298_FCHHF2VALXX_L3_wHAFPI041202-53/170301_X298_FCHHF2VALXX_L3_wHAFPI041202-53_2.fq.gz
7316	rawfastq/waterbuck/wHAFPI041203-54/170301_X298_FCHHF2VALXX_L3_wHAFPI041203-54/170301_X298_FCHHF2VALXX_L3_wHAFPI041203-54_1.fq.gz	rawfastq/waterbuck/wHAFPI041203-54/170301_X298_FCHHF2VALXX_L3_wHAFPI041203-54/170301_X298_FCHHF2VALXX_L3_wHAFPI041203-54_2.fq.gz
7317	rawfastq/waterbuck/wHAFPI041204-70/170301_X298_FCHHF2VALXX_L4_wHAFPI041204-70/170301_X298_FCHHF2VALXX_L4_wHAFPI041204-70_1.fq.gz	rawfastq/waterbuck/wHAFPI041204-70/170301_X298_FCHHF2VALXX_L4_wHAFPI041204-70/170301_X298_FCHHF2VALXX_L4_wHAFPI041204-70_2.fq.gz
7318	rawfastq/waterbuck/wHAFPI041205-71/170301_X298_FCHHF2VALXX_L4_wHAFPI041205-71/170301_X298_FCHHF2VALXX_L4_wHAFPI041205-71_1.fq.gz	rawfastq/waterbuck/wHAFPI041205-71/170301_X298_FCHHF2VALXX_L4_wHAFPI041205-71/170301_X298_FCHHF2VALXX_L4_wHAFPI041205-71_2.fq.gz
7319	rawfastq/waterbuck/wHAFPI041206-72/170301_X298_FCHHF2VALXX_L4_wHAFPI041206-72/170301_X298_FCHHF2VALXX_L4_wHAFPI041206-72_1.fq.gz	rawfastq/waterbuck/wHAFPI041206-72/170301_X298_FCHHF2VALXX_L4_wHAFPI041206-72/170301_X298_FCHHF2VALXX_L4_wHAFPI041206-72_2.fq.gz
7320	rawfastq/waterbuck/wHAFPI041207-75/170301_X298_FCHHF2VALXX_L4_wHAFPI041207-75/170301_X298_FCHHF2VALXX_L4_wHAFPI041207-75_1.fq.gz	rawfastq/waterbuck/wHAFPI041207-75/170301_X298_FCHHF2VALXX_L4_wHAFPI041207-75/170301_X298_FCHHF2VALXX_L4_wHAFPI041207-75_2.fq.gz
7321	rawfastq/waterbuck/wHAFPI041208-76/170301_X298_FCHHF2VALXX_L4_wHAFPI041208-76/170301_X298_FCHHF2VALXX_L4_wHAFPI041208-76_1.fq.gz	rawfastq/waterbuck/wHAFPI041208-76/170301_X298_FCHHF2VALXX_L4_wHAFPI041208-76/170301_X298_FCHHF2VALXX_L4_wHAFPI041208-76_2.fq.gz
7398	rawfastq/waterbuck/wHAFPI041209-77/170301_X298_FCHHF2VALXX_L4_wHAFPI041209-77/170301_X298_FCHHF2VALXX_L4_wHAFPI041209-77_1.fq.gz	rawfastq/waterbuck/wHAFPI041209-77/170301_X298_FCHHF2VALXX_L4_wHAFPI041209-77/170301_X298_FCHHF2VALXX_L4_wHAFPI041209-77_2.fq.gz
7399	rawfastq/waterbuck/wHAFPI041210-78/170301_X298_FCHHF2VALXX_L4_wHAFPI041210-78/170301_X298_FCHHF2VALXX_L4_wHAFPI041210-78_1.fq.gz	rawfastq/waterbuck/wHAFPI041210-78/170301_X298_FCHHF2VALXX_L4_wHAFPI041210-78/170301_X298_FCHHF2VALXX_L4_wHAFPI041210-78_2.fq.gz
7400	rawfastq/waterbuck/wHAFPI041211-79/170301_X298_FCHHF2VALXX_L4_wHAFPI041211-79/170301_X298_FCHHF2VALXX_L4_wHAFPI041211-79_1.fq.gz	rawfastq/waterbuck/wHAFPI041211-79/170301_X298_FCHHF2VALXX_L4_wHAFPI041211-79/170301_X298_FCHHF2VALXX_L4_wHAFPI041211-79_2.fq.gz
7401	rawfastq/waterbuck/wHAFPI041212-80/170301_X298_FCHHF2VALXX_L5_wHAFPI041212-80/170301_X298_FCHHF2VALXX_L5_wHAFPI041212-80_1.fq.gz	rawfastq/waterbuck/wHAFPI041212-80/170301_X298_FCHHF2VALXX_L5_wHAFPI041212-80/170301_X298_FCHHF2VALXX_L5_wHAFPI041212-80_2.fq.gz
7542	rawfastq/waterbuck/wHAFPI041213-81/170301_X298_FCHHF2VALXX_L5_wHAFPI041213-81/170301_X298_FCHHF2VALXX_L5_wHAFPI041213-81_1.fq.gz	rawfastq/waterbuck/wHAFPI041213-81/170301_X298_FCHHF2VALXX_L5_wHAFPI041213-81/170301_X298_FCHHF2VALXX_L5_wHAFPI041213-81_2.fq.gz
7543	rawfastq/waterbuck/wHAFPI041214-83/170301_X298_FCHHF2VALXX_L5_wHAFPI041214-83/170301_X298_FCHHF2VALXX_L5_wHAFPI041214-83_1.fq.gz	rawfastq/waterbuck/wHAFPI041214-83/170301_X298_FCHHF2VALXX_L5_wHAFPI041214-83/170301_X298_FCHHF2VALXX_L5_wHAFPI041214-83_2.fq.gz
7544	rawfastq/waterbuck/wHAFPI041215-84/170301_X298_FCHHF2VALXX_L5_wHAFPI041215-84/170301_X298_FCHHF2VALXX_L5_wHAFPI041215-84_1.fq.gz	rawfastq/waterbuck/wHAFPI041215-84/170301_X298_FCHHF2VALXX_L5_wHAFPI041215-84/170301_X298_FCHHF2VALXX_L5_wHAFPI041215-84_2.fq.gz
7545	rawfastq/waterbuck/wHAFPI041216-85/170301_X298_FCHHF2VALXX_L5_wHAFPI041216-85/170301_X298_FCHHF2VALXX_L5_wHAFPI041216-85_1.fq.gz	rawfastq/waterbuck/wHAFPI041216-85/170301_X298_FCHHF2VALXX_L5_wHAFPI041216-85/170301_X298_FCHHF2VALXX_L5_wHAFPI041216-85_2.fq.gz
7546	rawfastq/waterbuck/wHAFPI041217-86/170301_X298_FCHHF2VALXX_L5_wHAFPI041217-86/170301_X298_FCHHF2VALXX_L5_wHAFPI041217-86_1.fq.gz	rawfastq/waterbuck/wHAFPI041217-86/170301_X298_FCHHF2VALXX_L5_wHAFPI041217-86/170301_X298_FCHHF2VALXX_L5_wHAFPI041217-86_2.fq.gz
7592	rawfastq/waterbuck/wHAFPI041218-87/170301_X298_FCHHF2VALXX_L5_wHAFPI041218-87/170301_X298_FCHHF2VALXX_L5_wHAFPI041218-87_1.fq.gz	rawfastq/waterbuck/wHAFPI041218-87/170301_X298_FCHHF2VALXX_L5_wHAFPI041218-87/170301_X298_FCHHF2VALXX_L5_wHAFPI041218-87_2.fq.gz
7593	rawfastq/waterbuck/wHAFPI041219-88/170301_X298_FCHHF2VALXX_L5_wHAFPI041219-88/170301_X298_FCHHF2VALXX_L5_wHAFPI041219-88_1.fq.gz	rawfastq/waterbuck/wHAFPI041219-88/170301_X298_FCHHF2VALXX_L5_wHAFPI041219-88/170301_X298_FCHHF2VALXX_L5_wHAFPI041219-88_2.fq.gz
7594	rawfastq/waterbuck/wHAFPI041220-90/170301_X300_FCHHFGCALXX_L1_wHAFPI041220-90/170301_X300_FCHHFGCALXX_L1_wHAFPI041220-90_1.fq.gz	rawfastq/waterbuck/wHAFPI041220-90/170301_X300_FCHHFGCALXX_L1_wHAFPI041220-90/170301_X300_FCHHFGCALXX_L1_wHAFPI041220-90_2.fq.gz
7595	rawfastq/waterbuck/wHAFPI041221-92/170301_X300_FCHHFGCALXX_L1_wHAFPI041221-92/170301_X300_FCHHFGCALXX_L1_wHAFPI041221-92_1.fq.gz	rawfastq/waterbuck/wHAFPI041221-92/170301_X300_FCHHFGCALXX_L1_wHAFPI041221-92/170301_X300_FCHHFGCALXX_L1_wHAFPI041221-92_2.fq.gz
7597	rawfastq/waterbuck/wHAFPI041222-93/170301_X300_FCHHFGCALXX_L1_wHAFPI041222-93/170301_X300_FCHHFGCALXX_L1_wHAFPI041222-93_1.fq.gz	rawfastq/waterbuck/wHAFPI041222-93/170301_X300_FCHHFGCALXX_L1_wHAFPI041222-93/170301_X300_FCHHFGCALXX_L1_wHAFPI041222-93_2.fq.gz
7598	rawfastq/waterbuck/wHAFPI041223-94/170301_X300_FCHHFGCALXX_L1_wHAFPI041223-94/170301_X300_FCHHFGCALXX_L1_wHAFPI041223-94_1.fq.gz	rawfastq/waterbuck/wHAFPI041223-94/170301_X300_FCHHFGCALXX_L1_wHAFPI041223-94/170301_X300_FCHHFGCALXX_L1_wHAFPI041223-94_2.fq.gz
7599	rawfastq/waterbuck/wHAFPI041224-95/170301_X300_FCHHFGCALXX_L1_wHAFPI041224-95/170301_X300_FCHHFGCALXX_L1_wHAFPI041224-95_1.fq.gz	rawfastq/waterbuck/wHAFPI041224-95/170301_X300_FCHHFGCALXX_L1_wHAFPI041224-95/170301_X300_FCHHFGCALXX_L1_wHAFPI041224-95_2.fq.gz
7600	rawfastq/waterbuck/wHAFPI041225-96/170301_X300_FCHHFGCALXX_L1_wHAFPI041225-96/170301_X300_FCHHFGCALXX_L1_wHAFPI041225-96_1.fq.gz	rawfastq/waterbuck/wHAFPI041225-96/170301_X300_FCHHFGCALXX_L1_wHAFPI041225-96/170301_X300_FCHHFGCALXX_L1_wHAFPI041225-96_2.fq.gz
7601	rawfastq/waterbuck/wHAFPI041226-100/170301_X300_FCHHFGCALXX_L1_wHAFPI041226-100/170301_X300_FCHHFGCALXX_L1_wHAFPI041226-100_1.fq.gz	rawfastq/waterbuck/wHAFPI041226-100/170301_X300_FCHHFGCALXX_L1_wHAFPI041226-100/170301_X300_FCHHFGCALXX_L1_wHAFPI041226-100_2.fq.gz
7602	rawfastq/waterbuck/wHAFPI041227-103/170301_X300_FCHHFGCALXX_L1_wHAFPI041227-103/170301_X300_FCHHFGCALXX_L1_wHAFPI041227-103_1.fq.gz	rawfastq/waterbuck/wHAFPI041227-103/170301_X300_FCHHFGCALXX_L1_wHAFPI041227-103/170301_X300_FCHHFGCALXX_L1_wHAFPI041227-103_2.fq.gz
7605	rawfastq/waterbuck/wHAFPI041228-108/170301_X300_FCHHFGCALXX_L2_wHAFPI041228-108/170301_X300_FCHHFGCALXX_L2_wHAFPI041228-108_1.fq.gz	rawfastq/waterbuck/wHAFPI041228-108/170301_X300_FCHHFGCALXX_L2_wHAFPI041228-108/170301_X300_FCHHFGCALXX_L2_wHAFPI041228-108_2.fq.gz
8229	rawfastq/waterbuck/wHAFPI041229-140/170301_X300_FCHHFGCALXX_L2_wHAFPI041229-140/170301_X300_FCHHFGCALXX_L2_wHAFPI041229-140_1.fq.gz	rawfastq/waterbuck/wHAFPI041229-140/170301_X300_FCHHFGCALXX_L2_wHAFPI041229-140/170301_X300_FCHHFGCALXX_L2_wHAFPI041229-140_2.fq.gz
8230	rawfastq/waterbuck/wHAFPI041230-142/170301_X300_FCHHFGCALXX_L2_wHAFPI041230-142/170301_X300_FCHHFGCALXX_L2_wHAFPI041230-142_1.fq.gz	rawfastq/waterbuck/wHAFPI041230-142/170301_X300_FCHHFGCALXX_L2_wHAFPI041230-142/170301_X300_FCHHFGCALXX_L2_wHAFPI041230-142_2.fq.gz
8880	rawfastq/waterbuck/wHAFPI041231-143/170301_X300_FCHHFGCALXX_L2_wHAFPI041231-143/170301_X300_FCHHFGCALXX_L2_wHAFPI041231-143_1.fq.gz	rawfastq/waterbuck/wHAFPI041231-143/170301_X300_FCHHFGCALXX_L2_wHAFPI041231-143/170301_X300_FCHHFGCALXX_L2_wHAFPI041231-143_2.fq.gz
416	rawfastq/waterbuck/FastQ15122017/F17FTSEUHT1011_SENhvbR/Raw/416/171128_X276_FCHG3G2ALXX_L6_wHAXPI062810-45_1.fq.gz	rawfastq/waterbuck/FastQ15122017/F17FTSEUHT1011_SENhvbR/Raw/416/171128_X276_FCHG3G2ALXX_L6_wHAXPI062810-45_2.fq.gz
417	rawfastq/waterbuck/FastQ15122017/F17FTSEUHT1011_SENhvbR/Raw/417/171128_X276_FCHG3G2ALXX_L6_wHAXPI062811-47_1.fq.gz	rawfastq/waterbuck/FastQ15122017/F17FTSEUHT1011_SENhvbR/Raw/417/171128_X276_FCHG3G2ALXX_L6_wHAXPI062811-47_2.fq.gz
420	rawfastq/waterbuck/FastQ15122017/F17FTSEUHT1011_SENhvbR/Raw/420/171128_X276_FCHG3G2ALXX_L6_wHAXPI062812-48_1.fq.gz	rawfastq/waterbuck/FastQ15122017/F17FTSEUHT1011_SENhvbR/Raw/420/171128_X276_FCHG3G2ALXX_L6_wHAXPI062812-48_2.fq.gz
421	rawfastq/waterbuck/FastQ15122017/F17FTSEUHT1011_SENhvbR/Raw/421/171128_X276_FCHG3G2ALXX_L6_wHAXPI062813-50_1.fq.gz	rawfastq/waterbuck/FastQ15122017/F17FTSEUHT1011_SENhvbR/Raw/421/171128_X276_FCHG3G2ALXX_L6_wHAXPI062813-50_2.fq.gz
427	rawfastq/waterbuck/FastQ15122017/F17FTSEUHT1011_SENhvbR/Raw/427/171128_X276_FCHG3G2ALXX_L7_wHAXPI062814-51_1.fq.gz	rawfastq/waterbuck/FastQ15122017/F17FTSEUHT1011_SENhvbR/Raw/427/171128_X276_FCHG3G2ALXX_L7_wHAXPI062814-51_2.fq.gz
428	rawfastq/waterbuck/FastQ15122017/F17FTSEUHT1011_SENhvbR/Raw/428/171128_X276_FCHG3G2ALXX_L7_wHAXPI062815-54_1.fq.gz	rawfastq/waterbuck/FastQ15122017/F17FTSEUHT1011_SENhvbR/Raw/428/171128_X276_FCHG3G2ALXX_L7_wHAXPI062815-54_2.fq.gz
429	rawfastq/waterbuck/FastQ15122017/F17FTSEUHT1011_SENhvbR/Raw/429/171128_X276_FCHG3G2ALXX_L7_wHAXPI062816-55_1.fq.gz	rawfastq/waterbuck/FastQ15122017/F17FTSEUHT1011_SENhvbR/Raw/429/171128_X276_FCHG3G2ALXX_L7_wHAXPI062816-55_2.fq.gz
433	rawfastq/waterbuck/FastQ15122017/F17FTSEUHT1011_SENhvbR/Raw/433/171128_X276_FCHG3G2ALXX_L7_wHAXPI062817-56_1.fq.gz	rawfastq/waterbuck/FastQ15122017/F17FTSEUHT1011_SENhvbR/Raw/433/171128_X276_FCHG3G2ALXX_L7_wHAXPI062817-56_2.fq.gz
434	rawfastq/waterbuck/FastQ15122017/F17FTSEUHT1011_SENhvbR/Raw/434/171128_X276_FCHG3G2ALXX_L7_wHAXPI062818-57_1.fq.gz	rawfastq/waterbuck/FastQ15122017/F17FTSEUHT1011_SENhvbR/Raw/434/171128_X276_FCHG3G2ALXX_L7_wHAXPI062818-57_2.fq.gz
2147	rawfastq/waterbuck/FastQ15122017/F17FTSEUHT1011_SENhvbR/Raw/2147/171128_X276_FCHG3G2ALXX_L7_wHAXPI062819-59_1.fq.gz	rawfastq/waterbuck/FastQ15122017/F17FTSEUHT1011_SENhvbR/Raw/2147/171128_X276_FCHG3G2ALXX_L7_wHAXPI062819-59_2.fq.gz
2148	rawfastq/waterbuck/FastQ15122017/F17FTSEUHT1011_SENhvbR/Raw/2148/171128_X276_FCHG3G2ALXX_L8_wHAXPI062820-60_1.fq.gz	rawfastq/waterbuck/FastQ15122017/F17FTSEUHT1011_SENhvbR/Raw/2148/171128_X276_FCHG3G2ALXX_L8_wHAXPI062820-60_2.fq.gz
2151	rawfastq/waterbuck/FastQ15122017/F17FTSEUHT1011_SENhvbR/Raw/2151/171128_X276_FCHG3G2ALXX_L7_wHAXPI062821-61_1.fq.gz	rawfastq/waterbuck/FastQ15122017/F17FTSEUHT1011_SENhvbR/Raw/2151/171128_X276_FCHG3G2ALXX_L7_wHAXPI062821-61_2.fq.gz
2588	rawfastq/waterbuck/FastQ15122017/F17FTSEUHT1011_SENhvbR/Raw/2588/171128_X276_FCHG3G2ALXX_L8_wHAXPI062822-62_1.fq.gz	rawfastq/waterbuck/FastQ15122017/F17FTSEUHT1011_SENhvbR/Raw/2588/171128_X276_FCHG3G2ALXX_L8_wHAXPI062822-62_2.fq.gz
2589	rawfastq/waterbuck/FastQ15122017/F17FTSEUHT1011_SENhvbR/Raw/2589/171128_X276_FCHG3G2ALXX_L8_wHAXPI062823-65_1.fq.gz	rawfastq/waterbuck/FastQ15122017/F17FTSEUHT1011_SENhvbR/Raw/2589/171128_X276_FCHG3G2ALXX_L8_wHAXPI062823-65_2.fq.gz
2590	rawfastq/waterbuck/FastQ15122017/F17FTSEUHT1011_SENhvbR/Raw/2590/171128_X276_FCHG32MALXX_L1_wHAXPI062824-66_1.fq.gz	rawfastq/waterbuck/FastQ15122017/F17FTSEUHT1011_SENhvbR/Raw/2590/171128_X276_FCHG32MALXX_L1_wHAXPI062824-66_2.fq.gz
2619	rawfastq/waterbuck/FastQ15122017/F17FTSEUHT1011_SENhvbR/Raw/2619/171128_X276_FCHG32MALXX_L1_wHAXPI062825-67_1.fq.gz	rawfastq/waterbuck/FastQ15122017/F17FTSEUHT1011_SENhvbR/Raw/2619/171128_X276_FCHG32MALXX_L1_wHAXPI062825-67_2.fq.gz
2476	rawfastq/waterbuck/FastQ15122017/F17FTSEUHT1011_SENhvbR/Raw/2476/171128_X276_FCHG3G2ALXX_L7_wHAXPI062826-68_1.fq.gz	rawfastq/waterbuck/FastQ15122017/F17FTSEUHT1011_SENhvbR/Raw/2476/171128_X276_FCHG3G2ALXX_L7_wHAXPI062826-68_2.fq.gz
4571	rawfastq/waterbuck/FastQ15122017/F17FTSEUHT1011_SENhvbR/Raw/4571/171128_X276_FCHG32MALXX_L1_wHAXPI062827-69_1.fq.gz	rawfastq/waterbuck/FastQ15122017/F17FTSEUHT1011_SENhvbR/Raw/4571/171128_X276_FCHG32MALXX_L1_wHAXPI062827-69_2.fq.gz
4572	rawfastq/waterbuck/FastQ15122017/F17FTSEUHT1011_SENhvbR/Raw/4572/171128_X276_FCHG3G2ALXX_L7_wHAXPI062828-70_1.fq.gz	rawfastq/waterbuck/FastQ15122017/F17FTSEUHT1011_SENhvbR/Raw/4572/171128_X276_FCHG3G2ALXX_L7_wHAXPI062828-70_2.fq.gz
4573	rawfastq/waterbuck/FastQ15122017/F17FTSEUHT1011_SENhvbR/Raw/4573/171128_X276_FCHG3G2ALXX_L8_wHAXPI062829-71_1.fq.gz	rawfastq/waterbuck/FastQ15122017/F17FTSEUHT1011_SENhvbR/Raw/4573/171128_X276_FCHG3G2ALXX_L8_wHAXPI062829-71_2.fq.gz
2449	rawfastq/waterbuck/FastQ15122017/F17FTSEUHT1011_SENhvbR/Raw/2449/171128_X276_FCHG32MALXX_L1_wHAXPI062830-72_1.fq.gz	rawfastq/waterbuck/FastQ15122017/F17FTSEUHT1011_SENhvbR/Raw/2449/171128_X276_FCHG32MALXX_L1_wHAXPI062830-72_2.fq.gz
2453	rawfastq/waterbuck/FastQ15122017/F17FTSEUHT1011_SENhvbR/Raw/2453/171128_X276_FCHG32MALXX_L1_wHAXPI062831-73_1.fq.gz	rawfastq/waterbuck/FastQ15122017/F17FTSEUHT1011_SENhvbR/Raw/2453/171128_X276_FCHG32MALXX_L1_wHAXPI062831-73_2.fq.gz
2464	rawfastq/waterbuck/FastQ15122017/F17FTSEUHT1011_SENhvbR/Raw/2464/171128_X276_FCHG3G2ALXX_L8_wHAXPI062832-74_1.fq.gz	rawfastq/waterbuck/FastQ15122017/F17FTSEUHT1011_SENhvbR/Raw/2464/171128_X276_FCHG3G2ALXX_L8_wHAXPI062832-74_2.fq.gz
2465	rawfastq/waterbuck/FastQ15122017/F17FTSEUHT1011_SENhvbR/Raw/2465/171128_X276_FCHG32MALXX_L1_wHAXPI062833-75_1.fq.gz	rawfastq/waterbuck/FastQ15122017/F17FTSEUHT1011_SENhvbR/Raw/2465/171128_X276_FCHG32MALXX_L1_wHAXPI062833-75_2.fq.gz
2530	rawfastq/waterbuck/FastQ15122017/F17FTSEUHT1011_SENhvbR/Raw/2530/171128_X276_FCHG32MALXX_L1_wHAXPI062834-77_1.fq.gz	rawfastq/waterbuck/FastQ15122017/F17FTSEUHT1011_SENhvbR/Raw/2530/171128_X276_FCHG32MALXX_L1_wHAXPI062834-77_2.fq.gz
2544	rawfastq/waterbuck/FastQ15122017/F17FTSEUHT1011_SENhvbR/Raw/2544/171128_X276_FCHG32MALXX_L1_wHAXPI062835-79_1.fq.gz	rawfastq/waterbuck/FastQ15122017/F17FTSEUHT1011_SENhvbR/Raw/2544/171128_X276_FCHG32MALXX_L1_wHAXPI062835-79_2.fq.gz
2553	rawfastq/waterbuck/FastQ15122017/F17FTSEUHT1011_SENhvbR/Raw/2553/171128_X276_FCHG32MALXX_L1_wHAXPI062836-80_1.fq.gz	rawfastq/waterbuck/FastQ15122017/F17FTSEUHT1011_SENhvbR/Raw/2553/171128_X276_FCHG32MALXX_L1_wHAXPI062836-80_2.fq.gz
2535	rawfastq/waterbuck/FastQ15122017/F17FTSEUHT1011_SENhvbR/Raw/2535/171128_X276_FCHG3G2ALXX_L8_wHAXPI062837-81_1.fq.gz	rawfastq/waterbuck/FastQ15122017/F17FTSEUHT1011_SENhvbR/Raw/2535/171128_X276_FCHG3G2ALXX_L8_wHAXPI062837-81_2.fq.gz
1614_1	rawfastq/waterbuck/FastQ15122017/F17FTSEUHT1011_SENhvbR/Raw/1614-1/171128_X276_FCHG3G2ALXX_L8_wHAXPI062838-82_1.fq.gz	rawfastq/waterbuck/FastQ15122017/F17FTSEUHT1011_SENhvbR/Raw/1614-1/171128_X276_FCHG3G2ALXX_L8_wHAXPI062838-82_2.fq.gz
1615_1	rawfastq/waterbuck/FastQ15122017/F17FTSEUHT1011_SENhvbR/Raw/1615/171128_X276_FCHG3G2ALXX_L8_wHAXPI062839-83_1.fq.gz	rawfastq/waterbuck/FastQ15122017/F17FTSEUHT1011_SENhvbR/Raw/1615/171128_X276_FCHG3G2ALXX_L8_wHAXPI062839-83_2.fq.gz
906	rawfastq/waterbuck/FastQ15122017/F17FTSEUHT1011_SENhvbR/Raw/906/171128_X276_FCHG3G2ALXX_L6_wHAXPI062804-32_1.fq.gz	rawfastq/waterbuck/FastQ15122017/F17FTSEUHT1011_SENhvbR/Raw/906/171128_X276_FCHG3G2ALXX_L6_wHAXPI062804-32_2.fq.gz
9303	rawfastq/waterbuck/FastQ15122017/F17FTSEUHT1011_SENhvbR/Raw/9303/171128_X276_FCHG3G2ALXX_L6_wHAXPI062805-35_1.fq.gz	rawfastq/waterbuck/FastQ15122017/F17FTSEUHT1011_SENhvbR/Raw/9303/171128_X276_FCHG3G2ALXX_L6_wHAXPI062805-35_2.fq.gz
4595	rawfastq/waterbuck/FastQ15122017/F17FTSEUHT1011_SENhvbR/Raw/4595/171128_X276_FCHG3G2ALXX_L8_wHAXPI062806-36_1.fq.gz	rawfastq/waterbuck/FastQ15122017/F17FTSEUHT1011_SENhvbR/Raw/4595/171128_X276_FCHG3G2ALXX_L8_wHAXPI062806-36_2.fq.gz
4749	rawfastq/waterbuck/FastQ15122017/F17FTSEUHT1011_SENhvbR/Raw/4749/171128_X276_FCHG3G2ALXX_L6_wHAXPI062807-39_1.fq.gz	rawfastq/waterbuck/FastQ15122017/F17FTSEUHT1011_SENhvbR/Raw/4749/171128_X276_FCHG3G2ALXX_L6_wHAXPI062807-39_2.fq.gz
1922	rawfastq/waterbuck/FastQ15122017/F17FTSEUHT1011_SENhvbR/Raw/1922/171128_X276_FCHG3G2ALXX_L6_wHAXPI062808-42_1.fq.gz	rawfastq/waterbuck/FastQ15122017/F17FTSEUHT1011_SENhvbR/Raw/1922/171128_X276_FCHG3G2ALXX_L6_wHAXPI062808-42_2.fq.gz
551	rawfastq/waterbuck/FastQ15122017/F17FTSEUHT1011_SENhvbR/Raw/551/171128_X276_FCHG3G2ALXX_L6_wHAXPI062809-44_1.fq.gz	rawfastq/waterbuck/FastQ15122017/F17FTSEUHT1011_SENhvbR/Raw/551/171128_X276_FCHG3G2ALXX_L6_wHAXPI062809-44_2.fq.gz
557	rawfastq/outgroup/REEDBUCK/557-1_HJFHCCCXX_L6_1.clean.fq.gz	rawfastq/outgroup/REEDBUCK/557-1_HJFHCCCXX_L6_2.clean.fq.gz
557	rawfastq/outgroup/REEDBUCK/557-1_HJFHCCCXX_L7_1.clean.fq.gz	rawfastq/outgroup/REEDBUCK/557-1_HJFHCCCXX_L7_2.clean.fq.gz
557	rawfastq/outgroup/REEDBUCK/557-1_HJFHCCCXX_L8_1.clean.fq.gz	rawfastq/outgroup/REEDBUCK/557-1_HJFHCCCXX_L8_2.clean.fq.gz
557	rawfastq/outgroup/REEDBUCK/557-2_HJH22CCXX_L3_1.clean.fq.gz	rawfastq/outgroup/REEDBUCK/557-2_HJH22CCXX_L3_2.clean.fq.gz
557	rawfastq/outgroup/REEDBUCK/557-2_HJHC5CCXX_L1_1.clean.fq.gz	rawfastq/outgroup/REEDBUCK/557-2_HJHC5CCXX_L1_2.clean.fq.gz
557	rawfastq/outgroup/REEDBUCK/557-2_HJHC5CCXX_L7_1.clean.fq.gz	rawfastq/outgroup/REEDBUCK/557-2_HJHC5CCXX_L7_2.clean.fq.gz
557	rawfastq/outgroup/REEDBUCK/557-2_HJHC5CCXX_L8_1.clean.fq.gz	rawfastq/outgroup/REEDBUCK/557-2_HJHC5CCXX_L8_2.clean.fq.gz
557	rawfastq/outgroup/REEDBUCK/557-3_HJGN5CCXX_L5_1.clean.fq.gz	rawfastq/outgroup/REEDBUCK/557-3_HJGN5CCXX_L5_2.clean.fq.gz
557	rawfastq/outgroup/REEDBUCK/557-3_HJGN5CCXX_L6_1.clean.fq.gz	rawfastq/outgroup/REEDBUCK/557-3_HJGN5CCXX_L6_2.clean.fq.gz
557	rawfastq/outgroup/REEDBUCK/557-3_HJGN5CCXX_L7_1.clean.fq.gz	rawfastq/outgroup/REEDBUCK/557-3_HJGN5CCXX_L7_2.clean.fq.gz
557	rawfastq/outgroup/REEDBUCK/557-4_HJGN5CCXX_L2_1.clean.fq.gz	rawfastq/outgroup/REEDBUCK/557-4_HJGN5CCXX_L2_2.clean.fq.gz
557	rawfastq/outgroup/REEDBUCK/557-4_HJGN5CCXX_L3_1.clean.fq.gz	rawfastq/outgroup/REEDBUCK/557-4_HJGN5CCXX_L3_2.clean.fq.gz
557	rawfastq/outgroup/REEDBUCK/557-4_HJGN5CCXX_L4_1.clean.fq.gz	rawfastq/outgroup/REEDBUCK/557-4_HJGN5CCXX_L4_2.clean.fq.gz
zoo110	rawfastq/outgroup/lechwe/DSL-1_H5CG3CCXY_L1_1.clean.fq.gz	rawfastq/outgroup/lechwe/DSL-1_H5CG3CCXY_L1_2.clean.fq.gz
zoo111	rawfastq/outgroup/lechwe/DSL-6_H5CG3CCXY_L1_1.clean.fq.gz	rawfastq/outgroup/lechwe/DSL-6_H5CG3CCXY_L1_2.clean.fq.gz
zoo112	rawfastq/outgroup/lechwe/DSL-8_H5CG3CCXY_L1_1.clean.fq.gz	rawfastq/outgroup/lechwe/DSL-8_H5CG3CCXY_L1_2.clean.fq.gz
zoo113	rawfastq/outgroup/lechwe/DSL-10_H5CH2CCXY_L2_1.clean.fq.gz	rawfastq/outgroup/lechwe/DSL-10_H5CH2CCXY_L2_2.clean.fq.gz
zoo114	rawfastq/outgroup/lechwe/DSL-4_H7LGLCCXY_L8_1.clean.fq.gz	rawfastq/outgroup/lechwe/DSL-4_H7LGLCCXY_L8_2.clean.fq.gz
